{
  "power_on": {
    "samples": 100,
    "average": 1227844.11,
    "max": 3958500,
    "min": 1007334,
    "sum": 122784411,
    "average95": 1090243.69,
    "max95": 1694000,
    "min95": 1007334,
    "sum95": 109024369,
    "stddev": 397171.21545915183
  },
  "power_off": {
    "samples": 100,
    "average": 3462369.18,
    "max": 7684791,
    "min": 3014042,
    "sum": 346236918,
    "average95": 3038279.59,
    "max95": 4692833,
    "min95": 3014042,
    "sum95": 303827959,
    "stddev": 807477.4623089056
  }
}