{
  "power_on": {
    "samples": 100,
    "average": 139371.68,
    "max": 641583,
    "min": 84625,
    "sum": 13937168,
    "average95": 122280.01,
    "max95": 302583,
    "min95": 84625,
    "sum95": 12228001,
    "stddev": 82211.29932947173
  },
  "power_off": {
    "samples": 100,
    "average": 118903.76,
    "max": 1478125,
    "min": 75916,
    "sum": 11890376,
    "average95": 90097.09,
    "max95": 370292,
    "min95": 75916,
    "sum95": 9009709,
    "stddev": 192063.8990474264
  }
}