{
  "power_on": {
    "samples": 100,
    "average": 586023.34,
    "max": 1982125,
    "min": 442000,
    "sum": 58602334,
    "average95": 504629.16,
    "max95": 944042,
    "min95": 442000,
    "sum95": 50462916,
    "stddev": 259813.9008418526
  },
  "power_off": {
    "samples": 100,
    "average": 3697783.75,
    "max": 7720125,
    "min": 2926333,
    "sum": 369778375,
    "average95": 3107627.09,
    "max95": 5728500,
    "min95": 2926333,
    "sum95": 310762709,
    "stddev": 1083321.3580606587
  }
}