{
  "power_on": {
    "samples": 100,
    "average": 60021.26,
    "max": 178084,
    "min": 17875,
    "sum": 6002126,
    "average95": 51990.41,
    "max95": 109750,
    "min95": 17875,
    "sum95": 5199041,
    "stddev": 31678.35001116693
  },
  "power_off": {
    "samples": 100,
    "average": 21324.95,
    "max": 223292,
    "min": 11292,
    "sum": 2132495,
    "average95": 18187.03,
    "max95": 59417,
    "min95": 11292,
    "sum95": 1818703,
    "stddev": 22847.120421401032
  }
}