{
  "power_on": {
    "samples": 100,
    "average": 296903.66,
    "max": 322051,
    "min": 278028,
    "sum": 29690366,
    "average95": 284523.25,
    "max95": 313600,
    "min95": 282878,
    "sum95": 28452325,
    "stddev": 8427.848433615782
  },
  "power_off": {
    "samples": 100,
    "average": 298782.73,
    "max": 332622,
    "min": 282369,
    "sum": 29878273,
    "average95": 288947.69,
    "max95": 314590,
    "min95": 282369,
    "sum95": 28894769,
    "stddev": 8358.71340817473
  }
}