{
  "power_on": {
    "samples": 100,
    "average": 1924428.36,
    "max": 5489708,
    "min": 1626584,
    "sum": 192442836,
    "average95": 1699959.19,
    "max95": 2931750,
    "min95": 1626584,
    "sum95": 169995919,
    "stddev": 647814.5951621266
  },
  "power_off": {
    "samples": 100,
    "average": 4437439.61,
    "max": 8294292,
    "min": 3749792,
    "sum": 443743961,
    "average95": 3848035.01,
    "max95": 6541500,
    "min95": 3749792,
    "sum95": 384803501,
    "stddev": 1065039.241858928
  }
}