{
  "power_on": {
    "samples": 100,
    "average": 1.051924379E7,
    "max": 20162625,
    "min": 8728667,
    "sum": 1051924379,
    "average95": 9525954.63,
    "max95": 14668208,
    "min95": 8728667,
    "sum95": 952595463,
    "stddev": 2204466.675523386
  },
  "power_off": {
    "samples": 100,
    "average": 3.629351667E7,
    "max": 569246791,
    "min": 26525875,
    "sum": 3629351667,
    "average95": 3.060104876E7,
    "max95": 62041584,
    "min95": 26525875,
    "sum95": 3060104876,
    "stddev": 5.3724777342240915E7
  }
}