{
  "power_on": {
    "samples": 100,
    "average": 32183.84,
    "max": 121727,
    "min": 20951,
    "sum": 3218384,
    "average95": 29492.47,
    "max95": 56754,
    "min95": 20951,
    "sum95": 2949247,
    "stddev": 14014.663134374654
  },
  "power_off": {
    "samples": 100,
    "average": 27026.82,
    "max": 53263,
    "min": 19142,
    "sum": 2702682,
    "average95": 22315.21,
    "max95": 43113,
    "min95": 19142,
    "sum95": 2231521,
    "stddev": 8334.901821257405
  }
}