{
  "power_on": {
    "samples": 100,
    "average": 39477.91,
    "max": 214684,
    "min": 31462,
    "sum": 3947791,
    "average95": 34018.06,
    "max95": 69914,
    "min95": 31462,
    "sum95": 3401806,
    "stddev": 22463.90195268845
  },
  "power_off": {
    "samples": 100,
    "average": 88898.57,
    "max": 211343,
    "min": 75815,
    "sum": 8889857,
    "average95": 81967.84,
    "max95": 131979,
    "min95": 75815,
    "sum95": 8196784,
    "stddev": 21635.723568441153
  }
}