{
  "power_on": {
    "samples": 100,
    "average": 166746.68,
    "max": 1207458,
    "min": 107042,
    "sum": 16674668,
    "average95": 150161.68,
    "max95": 347791,
    "min95": 107042,
    "sum95": 15016168,
    "stddev": 115515.53869493055
  },
  "power_off": {
    "samples": 100,
    "average": 545343.7,
    "max": 2882875,
    "min": 412125,
    "sum": 54534370,
    "average95": 470656.62,
    "max95": 1097500,
    "min95": 412125,
    "sum95": 47065662,
    "stddev": 359912.12693482556
  }
}