{
  "power_on": {
    "samples": 100,
    "average": 557504.55,
    "max": 2444417,
    "min": 438208,
    "sum": 55750455,
    "average95": 505082.04,
    "max95": 864291,
    "min95": 438208,
    "sum95": 50508204,
    "stddev": 235485.09361203737
  },
  "power_off": {
    "samples": 100,
    "average": 467573.75,
    "max": 2610708,
    "min": 398958,
    "sum": 46757375,
    "average95": 432238.75,
    "max95": 646209,
    "min95": 398958,
    "sum95": 43223875,
    "stddev": 224395.11308139042
  }
}