{
  "power_on": {
    "samples": 100,
    "average": 71665.84,
    "max": 1144333,
    "min": 13541,
    "sum": 7166584,
    "average95": 60222.51,
    "max95": 190542,
    "min95": 13541,
    "sum95": 6022251,
    "stddev": 113968.27197009702
  },
  "power_off": {
    "samples": 100,
    "average": 16667.1,
    "max": 272000,
    "min": 5250,
    "sum": 1666710,
    "average95": 11937.52,
    "max95": 62958,
    "min95": 5250,
    "sum95": 1193752,
    "stddev": 29997.98427211402
  }
}