{
  "power_on": {
    "samples": 100,
    "average": 7517439.6,
    "max": 12986917,
    "min": 6513792,
    "sum": 751743960,
    "average95": 6805710.01,
    "max95": 10278167,
    "min95": 6513792,
    "sum95": 680571001,
    "stddev": 1477660.714721793
  },
  "power_off": {
    "samples": 100,
    "average": 3.127447998E7,
    "max": 426203166,
    "min": 23574209,
    "sum": 3127447998,
    "average95": 2.701244832E7,
    "max95": 35383000,
    "min95": 23574209,
    "sum95": 2701244832,
    "stddev": 3.9774293783679664E7
  }
}