{
  "power_on": {
    "samples": 100,
    "average": 3644652.16,
    "max": 7613250,
    "min": 2946209,
    "sum": 364465216,
    "average95": 3169227.56,
    "max95": 5832917,
    "min95": 2946209,
    "sum95": 316922756,
    "stddev": 1119196.236168747
  },
  "power_off": {
    "samples": 100,
    "average": 1.927483707E7,
    "max": 279876416,
    "min": 14697958,
    "sum": 1927483707,
    "average95": 1.647607291E7,
    "max95": 23017125,
    "min95": 14697958,
    "sum95": 1647607291,
    "stddev": 2.6272789837050203E7
  }
}