{
  "power_on": {
    "samples": 100,
    "average": 396056.67,
    "max": 764041,
    "min": 316875,
    "sum": 39605667,
    "average95": 356691.67,
    "max95": 496792,
    "min95": 316875,
    "sum95": 35669167,
    "stddev": 76765.7356274269
  },
  "power_off": {
    "samples": 100,
    "average": 358821.26,
    "max": 1341500,
    "min": 306750,
    "sum": 35882126,
    "average95": 324496.26,
    "max95": 558042,
    "min95": 306750,
    "sum95": 32449626,
    "stddev": 122700.73859830674
  }
}