{
  "power_on": {
    "samples": 100,
    "average": 2954070.37,
    "max": 3328918,
    "min": 2808630,
    "sum": 295407037,
    "average95": 2825993.1,
    "max95": 3106306,
    "min95": 2808630,
    "sum95": 282599310,
    "stddev": 88106.65877542968
  },
  "power_off": {
    "samples": 100,
    "average": 2429392.12,
    "max": 2673614,
    "min": 2275192,
    "sum": 242939212,
    "average95": 2297804.09,
    "max95": 2569918,
    "min95": 2275192,
    "sum95": 229780409,
    "stddev": 79013.51244939058
  }
}