{
  "power_on": {
    "samples": 100,
    "average": 101757.06,
    "max": 147720,
    "min": 93866,
    "sum": 10175706,
    "average95": 96141.09,
    "max95": 119687,
    "min95": 93866,
    "sum95": 9614109,
    "stddev": 9510.6338253557
  },
  "power_off": {
    "samples": 100,
    "average": 401744.49,
    "max": 468499,
    "min": 381334,
    "sum": 40174449,
    "average95": 374748.48,
    "max95": 434827,
    "min95": 381334,
    "sum95": 37474848,
    "stddev": 17155.170946685434
  }
}