{
  "power_on": {
    "samples": 100,
    "average": 2831906.23,
    "max": 5796541,
    "min": 2293208,
    "sum": 283190623,
    "average95": 2360454.99,
    "max95": 4565167,
    "min95": 2293208,
    "sum95": 236045499,
    "stddev": 887832.0025585921
  },
  "power_off": {
    "samples": 100,
    "average": 1.463864201E7,
    "max": 21009291,
    "min": 12271834,
    "sum": 1463864201,
    "average95": 1.361153826E7,
    "max95": 19554209,
    "min95": 12271834,
    "sum95": 1361153826,
    "stddev": 2483300.4207723057
  }
}