{
  "power_on": {
    "samples": 100,
    "average": 1531502.91,
    "max": 5847875,
    "min": 1178250,
    "sum": 153150291,
    "average95": 1327420.41,
    "max95": 2902041,
    "min95": 1178250,
    "sum95": 132742041,
    "stddev": 696967.8436459749
  },
  "power_off": {
    "samples": 100,
    "average": 8937503.31,
    "max": 15752459,
    "min": 7184084,
    "sum": 893750331,
    "average95": 8044344.13,
    "max95": 13126459,
    "min95": 7184084,
    "sum95": 804434413,
    "stddev": 2117669.902618482
  }
}