{
  "power_on": {
    "samples": 100,
    "average": 979341.83,
    "max": 1221388,
    "min": 929070,
    "sum": 97934183,
    "average95": 955687.21,
    "max95": 1017425,
    "min95": 929070,
    "sum95": 95568721,
    "stddev": 35668.6383659371
  },
  "power_off": {
    "samples": 100,
    "average": 2359440.06,
    "max": 2686303,
    "min": 2231293,
    "sum": 235944006,
    "average95": 2280033.95,
    "max95": 2481830,
    "min95": 2231293,
    "sum95": 228003395,
    "stddev": 70779.91233252554
  }
}