{
  "power_on": {
    "samples": 100,
    "average": 341410.44,
    "max": 1418250,
    "min": 246375,
    "sum": 34141044,
    "average95": 317257.52,
    "max95": 607167,
    "min95": 246375,
    "sum95": 31725752,
    "stddev": 143438.34308437197
  },
  "power_off": {
    "samples": 100,
    "average": 1186639.61,
    "max": 3229708,
    "min": 965500,
    "sum": 118663961,
    "average95": 1061617.52,
    "max95": 1734208,
    "min95": 965500,
    "sum95": 106161752,
    "stddev": 346882.8382732706
  }
}