{
  "power_on": {
    "samples": 100,
    "average": 1357140.82,
    "max": 3672458,
    "min": 1196375,
    "sum": 135714082,
    "average95": 1286214.58,
    "max95": 1843083,
    "min95": 1196375,
    "sum95": 128621458,
    "stddev": 331064.0965598203
  },
  "power_off": {
    "samples": 100,
    "average": 3615527.95,
    "max": 7845041,
    "min": 3115709,
    "sum": 361552795,
    "average95": 3359532.53,
    "max95": 4784542,
    "min95": 3115709,
    "sum95": 335953253,
    "stddev": 649557.1230435165
  }
}