{
  "power_on": {
    "samples": 100,
    "average": 276397.47,
    "max": 1136000,
    "min": 209250,
    "sum": 27639747,
    "average95": 260244.97,
    "max95": 453208,
    "min95": 209250,
    "sum95": 26024497,
    "stddev": 98163.81662797142
  },
  "power_off": {
    "samples": 100,
    "average": 236132.09,
    "max": 880292,
    "min": 199458,
    "sum": 23613209,
    "average95": 216372.93,
    "max95": 345792,
    "min95": 199458,
    "sum95": 21637293,
    "stddev": 84255.99917833744
  }
}