{
  "power_on": {
    "samples": 100,
    "average": 58753.35,
    "max": 169125,
    "min": 19625,
    "sum": 5875335,
    "average95": 52134.6,
    "max95": 109000,
    "min95": 19625,
    "sum95": 5213460,
    "stddev": 26111.971175114297
  },
  "power_off": {
    "samples": 100,
    "average": 16813.77,
    "max": 70916,
    "min": 10750,
    "sum": 1681377,
    "average95": 15314.61,
    "max95": 28500,
    "min95": 10750,
    "sum95": 1531461,
    "stddev": 7189.922059382841
  }
}