{
  "power_on": {
    "samples": 100,
    "average": 185972.89,
    "max": 750583,
    "min": 141333,
    "sum": 18597289,
    "average95": 174784.14,
    "max95": 304709,
    "min95": 141333,
    "sum95": 17478414,
    "stddev": 69208.56853699547
  },
  "power_off": {
    "samples": 100,
    "average": 164500.79,
    "max": 1038500,
    "min": 130416,
    "sum": 16450079,
    "average95": 143034.55,
    "max95": 259542,
    "min95": 130416,
    "sum95": 14303455,
    "stddev": 107011.29480652965
  }
}