{
  "power_on": {
    "samples": 100,
    "average": 126800.45,
    "max": 598000,
    "min": 75459,
    "sum": 12680045,
    "average95": 106645.86,
    "max95": 181375,
    "min95": 75459,
    "sum95": 10664586,
    "stddev": 72992.28483072715
  },
  "power_off": {
    "samples": 100,
    "average": 631686.65,
    "max": 3148625,
    "min": 465417,
    "sum": 63168665,
    "average95": 540801.65,
    "max95": 1407292,
    "min95": 465417,
    "sum95": 54080165,
    "stddev": 398174.98947695096
  }
}