{
  "power_on": {
    "samples": 100,
    "average": 4441636.26,
    "max": 12144042,
    "min": 3653333,
    "sum": 444163626,
    "average95": 3905875.83,
    "max95": 6744292,
    "min95": 3653333,
    "sum95": 390587583,
    "stddev": 1384594.6878054421
  },
  "power_off": {
    "samples": 100,
    "average": 2.328314333E7,
    "max": 321639708,
    "min": 16991292,
    "sum": 2328314333,
    "average95": 2.006674625E7,
    "max95": 36631500,
    "min95": 16991292,
    "sum95": 2006674625,
    "stddev": 3.0135413417387314E7
  }
}