{
  "power_on": {
    "samples": 100,
    "average": 835756.23,
    "max": 2591917,
    "min": 688708,
    "sum": 83575623,
    "average95": 741776.22,
    "max95": 1178625,
    "min95": 688708,
    "sum95": 74177622,
    "stddev": 270301.09125303215
  },
  "power_off": {
    "samples": 100,
    "average": 2797057.97,
    "max": 5893917,
    "min": 2331666,
    "sum": 279705797,
    "average95": 2381744.63,
    "max95": 4300125,
    "min95": 2331666,
    "sum95": 238174463,
    "stddev": 794736.3835489288
  }
}