{
  "power_on": {
    "samples": 100,
    "average": 427351.71,
    "max": 882375,
    "min": 322792,
    "sum": 42735171,
    "average95": 387241.3,
    "max95": 505667,
    "min95": 322792,
    "sum95": 38724130,
    "stddev": 73639.37514421208
  },
  "power_off": {
    "samples": 100,
    "average": 1557267.02,
    "max": 4442041,
    "min": 1259000,
    "sum": 155726702,
    "average95": 1346072.85,
    "max95": 2141708,
    "min95": 1259000,
    "sum95": 134607285,
    "stddev": 446814.5284934455
  }
}