{
  "power_on": {
    "samples": 100,
    "average": 6.254583863E7,
    "max": 169185486,
    "min": 57290092,
    "sum": 6254583863,
    "average95": 5.937877123E7,
    "max95": 74120982,
    "min95": 57290092,
    "sum95": 5937877123,
    "stddev": 1.3892704190399406E7
  },
  "power_off": {
    "samples": 100,
    "average": 1.2703064808E8,
    "max": 361484456,
    "min": 113857920,
    "sum": 12703064808,
    "average95": 1.1499028378E8,
    "max95": 141041452,
    "min95": 113857920,
    "sum95": 11499028378,
    "stddev": 3.640091624042258E7
  }
}