{
  "power_on": {
    "samples": 100,
    "average": 336237.49,
    "max": 2461833,
    "min": 211584,
    "sum": 33623749,
    "average95": 271057.91,
    "max95": 715500,
    "min95": 211584,
    "sum95": 27105791,
    "stddev": 302556.2264421772
  },
  "power_off": {
    "samples": 100,
    "average": 3392816.24,
    "max": 135269625,
    "min": 1479500,
    "sum": 339281624,
    "average95": 2040119.99,
    "max95": 7300375,
    "min95": 1479500,
    "sum95": 204011999,
    "stddev": 1.3300805998019582E7
  }
}