{
  "power_on": {
    "samples": 100,
    "average": 1054024.62,
    "max": 3338708,
    "min": 848167,
    "sum": 105402462,
    "average95": 919620.46,
    "max95": 1885125,
    "min95": 848167,
    "sum95": 91962046,
    "stddev": 422097.7641991486
  },
  "power_off": {
    "samples": 100,
    "average": 3214947.09,
    "max": 12634834,
    "min": 2704958,
    "sum": 321494709,
    "average95": 2836143.76,
    "max95": 5665583,
    "min95": 2704958,
    "sum95": 283614376,
    "stddev": 1232592.8346181232
  }
}