{
  "power_on": {
    "samples": 100,
    "average": 324954.14,
    "max": 1198000,
    "min": 264125,
    "sum": 32495414,
    "average95": 303731.23,
    "max95": 437084,
    "min95": 264125,
    "sum95": 30373123,
    "stddev": 111613.92141278792
  },
  "power_off": {
    "samples": 100,
    "average": 299439.96,
    "max": 1835083,
    "min": 238750,
    "sum": 29943996,
    "average95": 260044.13,
    "max95": 473666,
    "min95": 238750,
    "sum95": 26004413,
    "stddev": 193875.18640171568
  }
}