{
  "power_on": {
    "samples": 100,
    "average": 158.2,
    "max": 1140,
    "min": 140,
    "sum": 15820,
    "average95": 146.8,
    "max95": 220,
    "min95": 140,
    "sum95": 14680,
    "stddev": 99.3214981763767
  },
  "power_off": {
    "samples": 100,
    "average": 167.5,
    "max": 760,
    "min": 140,
    "sum": 16750,
    "average95": 149.7,
    "max95": 220,
    "min95": 140,
    "sum95": 14970,
    "stddev": 79.75431022835066
  }
}