{
  "power_on": {
    "samples": 100,
    "average": 2075001.32,
    "max": 5004500,
    "min": 1737667,
    "sum": 207500132,
    "average95": 1790343.82,
    "max95": 3207750,
    "min95": 1737667,
    "sum95": 179034382,
    "stddev": 612852.181060164
  },
  "power_off": {
    "samples": 100,
    "average": 1.203273869E7,
    "max": 19453875,
    "min": 9990750,
    "sum": 1203273869,
    "average95": 1.096891368E7,
    "max95": 16728209,
    "min95": 9990750,
    "sum95": 1096891368,
    "stddev": 2448270.0629291553
  }
}