{
  "power_on": {
    "samples": 100,
    "average": 217139.59,
    "max": 445084,
    "min": 165959,
    "sum": 21713959,
    "average95": 199403.33,
    "max95": 303833,
    "min95": 165959,
    "sum95": 19940333,
    "stddev": 43931.09065684575
  },
  "power_off": {
    "samples": 100,
    "average": 782983.38,
    "max": 1541209,
    "min": 671292,
    "sum": 78298338,
    "average95": 722053.79,
    "max95": 948042,
    "min95": 671292,
    "sum95": 72205379,
    "stddev": 122117.18237815677
  }
}