{
  "power_on": {
    "samples": 100,
    "average": 225782.93,
    "max": 426417,
    "min": 173500,
    "sum": 22578293,
    "average95": 203697.09,
    "max95": 321000,
    "min95": 173500,
    "sum95": 20369709,
    "stddev": 48322.88289940906
  },
  "power_off": {
    "samples": 100,
    "average": 187439.55,
    "max": 404791,
    "min": 161750,
    "sum": 18743955,
    "average95": 173382.89,
    "max95": 256042,
    "min95": 161750,
    "sum95": 17338289,
    "stddev": 38861.59382590992
  }
}