{
  "power_on": {
    "samples": 100,
    "average": 181834.24,
    "max": 1256250,
    "min": 109125,
    "sum": 18183424,
    "average95": 150091.32,
    "max95": 325333,
    "min95": 109125,
    "sum95": 15009132,
    "stddev": 141187.6553764528
  },
  "power_off": {
    "samples": 100,
    "average": 136010.09,
    "max": 912917,
    "min": 100042,
    "sum": 13601009,
    "average95": 116728.42,
    "max95": 313625,
    "min95": 100042,
    "sum95": 11672842,
    "stddev": 101506.92037984406
  }
}