{
  "power_on": {
    "samples": 100,
    "average": 105780.37,
    "max": 751000,
    "min": 58042,
    "sum": 10578037,
    "average95": 95181.62,
    "max95": 201166,
    "min95": 58042,
    "sum95": 9518162,
    "stddev": 73159.40232649526
  },
  "power_off": {
    "samples": 100,
    "average": 262353.78,
    "max": 1220792,
    "min": 209125,
    "sum": 26235378,
    "average95": 242723.36,
    "max95": 434125,
    "min95": 209125,
    "sum95": 24272336,
    "stddev": 113219.9548618087
  }
}