{
  "power_on": {
    "samples": 100,
    "average": 5629587.15,
    "max": 10332209,
    "min": 4585667,
    "sum": 562958715,
    "average95": 4885214.63,
    "max95": 8202375,
    "min95": 4585667,
    "sum95": 488521463,
    "stddev": 1403064.500307926
  },
  "power_off": {
    "samples": 100,
    "average": 2.600535788E7,
    "max": 382106708,
    "min": 19541041,
    "sum": 2600535788,
    "average95": 2.21842908E7,
    "max95": 39935541,
    "min95": 19541041,
    "sum95": 2218429080,
    "stddev": 3.591855154207603E7
  }
}