{
  "power_on": {
    "samples": 100,
    "average": 1603575.81,
    "max": 4494541,
    "min": 1368500,
    "sum": 160357581,
    "average95": 1457059.58,
    "max95": 2442166,
    "min95": 1368500,
    "sum95": 145705958,
    "stddev": 463302.63029588986
  },
  "power_off": {
    "samples": 100,
    "average": 3972984.61,
    "max": 8663667,
    "min": 3495917,
    "sum": 397298461,
    "average95": 3497574.18,
    "max95": 5584083,
    "min95": 3495917,
    "sum95": 349757418,
    "stddev": 887959.1519492212
  }
}