{
  "power_on": {
    "samples": 100,
    "average": 84712.94,
    "max": 863292,
    "min": 40625,
    "sum": 8471294,
    "average95": 67489.6,
    "max95": 146750,
    "min95": 40625,
    "sum95": 6748960,
    "stddev": 94931.09750929881
  },
  "power_off": {
    "samples": 100,
    "average": 47067.91,
    "max": 257208,
    "min": 32958,
    "sum": 4706791,
    "average95": 38807.08,
    "max95": 93459,
    "min95": 32958,
    "sum95": 3880708,
    "stddev": 30181.028016288645
  }
}