{
  "power_on": {
    "samples": 100,
    "average": 755555.45,
    "max": 3429125,
    "min": 521917,
    "sum": 75555545,
    "average95": 688630.03,
    "max95": 1564833,
    "min95": 521917,
    "sum95": 68863003,
    "stddev": 412462.4197427324
  },
  "power_off": {
    "samples": 100,
    "average": 620102.52,
    "max": 1686750,
    "min": 475042,
    "sum": 62010252,
    "average95": 539422.1,
    "max95": 1041417,
    "min95": 475042,
    "sum95": 53942210,
    "stddev": 219825.6579979917
  }
}