{
  "power_on": {
    "samples": 100,
    "average": 63103.31,
    "max": 252959,
    "min": 25750,
    "sum": 6310331,
    "average95": 58037.89,
    "max95": 114709,
    "min95": 25750,
    "sum95": 5803789,
    "stddev": 27869.164585792663
  },
  "power_off": {
    "samples": 100,
    "average": 107757.92,
    "max": 335875,
    "min": 78750,
    "sum": 10775792,
    "average95": 94220.42,
    "max95": 178458,
    "min95": 78750,
    "sum95": 9422042,
    "stddev": 42721.6826881854
  }
}