{
  "power_on": {
    "samples": 100,
    "average": 1000675.47,
    "max": 3997667,
    "min": 761125,
    "sum": 100067547,
    "average95": 840942.12,
    "max95": 1895458,
    "min95": 761125,
    "sum95": 84094212,
    "stddev": 543754.6013677954
  },
  "power_off": {
    "samples": 100,
    "average": 6200741.67,
    "max": 11391625,
    "min": 4921583,
    "sum": 620074167,
    "average95": 5461051.26,
    "max95": 9564834,
    "min95": 4921583,
    "sum95": 546105126,
    "stddev": 1728884.922492975
  }
}