{
  "power_on": {
    "samples": 100,
    "average": 448941.66,
    "max": 1533583,
    "min": 374208,
    "sum": 44894166,
    "average95": 433605.83,
    "max95": 622458,
    "min95": 374208,
    "sum95": 43360583,
    "stddev": 117774.94164566587
  },
  "power_off": {
    "samples": 100,
    "average": 411044.97,
    "max": 1906375,
    "min": 340917,
    "sum": 41104497,
    "average95": 365062.47,
    "max95": 630333,
    "min95": 340917,
    "sum95": 36506247,
    "stddev": 208879.38120171172
  }
}