{
  "power_on": {
    "samples": 100,
    "average": 8411958.78,
    "max": 14843875,
    "min": 7331000,
    "sum": 841195878,
    "average95": 7626135.04,
    "max95": 11443334,
    "min95": 7331000,
    "sum95": 762613504,
    "stddev": 1522052.2225801616
  },
  "power_off": {
    "samples": 100,
    "average": 3.301028421E7,
    "max": 469303792,
    "min": 24847792,
    "sum": 3301028421,
    "average95": 2.831724629E7,
    "max95": 33721625,
    "min95": 24847792,
    "sum95": 2831724629,
    "stddev": 4.393235845106232E7
  }
}