{
  "power_on": {
    "samples": 100,
    "average": 4891163.06,
    "max": 5190744,
    "min": 4634798,
    "sum": 489116306,
    "average95": 4741334.22,
    "max95": 5105009,
    "min95": 4662490,
    "sum95": 474133422,
    "stddev": 122228.27823314865
  },
  "power_off": {
    "samples": 100,
    "average": 1.414848299E7,
    "max": 16229444,
    "min": 13405113,
    "sum": 1414848299,
    "average95": 1.383583667E7,
    "max95": 14799153,
    "min95": 13405113,
    "sum95": 1383583667,
    "stddev": 409378.3006051615
  }
}