{
  "power_on": {
    "samples": 100,
    "average": 1.370198984E7,
    "max": 393945927,
    "min": 9476580,
    "sum": 1370198984,
    "average95": 9762530.57,
    "max95": 11952537,
    "min95": 9476580,
    "sum95": 976253057,
    "stddev": 3.8217430028642796E7
  },
  "power_off": {
    "samples": 100,
    "average": 2.147113345E7,
    "max": 24278201,
    "min": 20478874,
    "sum": 2147113345,
    "average95": 2.076075483E7,
    "max95": 22592970,
    "min95": 20478874,
    "sum95": 2076075483,
    "stddev": 563143.2347336777
  }
}