{
  "power_on": {
    "samples": 100,
    "average": 97437.45,
    "max": 465125,
    "min": 59375,
    "sum": 9743745,
    "average95": 90625.78,
    "max95": 182708,
    "min95": 59375,
    "sum95": 9062578,
    "stddev": 45634.99986753588
  },
  "power_off": {
    "samples": 100,
    "average": 68138.38,
    "max": 401708,
    "min": 52667,
    "sum": 6813838,
    "average95": 62592.97,
    "max95": 138542,
    "min95": 52667,
    "sum95": 6259297,
    "stddev": 37436.267252759055
  }
}