{
  "power_on": {
    "samples": 100,
    "average": 651188.29,
    "max": 3167375,
    "min": 449416,
    "sum": 65118829,
    "average95": 528825.79,
    "max95": 1448000,
    "min95": 449416,
    "sum95": 52882579,
    "stddev": 455833.7913547766
  },
  "power_off": {
    "samples": 100,
    "average": 2031335.86,
    "max": 10050333,
    "min": 1676042,
    "sum": 203133586,
    "average95": 1841541.69,
    "max95": 3698958,
    "min95": 1676042,
    "sum95": 184154169,
    "stddev": 951052.6317179613
  }
}