{
  "power_on": {
    "samples": 100,
    "average": 47031.24,
    "max": 235667,
    "min": 12833,
    "sum": 4703124,
    "average95": 43588.32,
    "max95": 107042,
    "min95": 12833,
    "sum95": 4358832,
    "stddev": 30046.915083249394
  },
  "power_off": {
    "samples": 100,
    "average": 13292.92,
    "max": 69666,
    "min": 6875,
    "sum": 1329292,
    "average95": 11024.18,
    "max95": 29250,
    "min95": 6875,
    "sum95": 1102418,
    "stddev": 9104.2667859636
  }
}