{
  "power_on": {
    "samples": 100,
    "average": 75146.7,
    "max": 265167,
    "min": 30083,
    "sum": 7514670,
    "average95": 65128.77,
    "max95": 147041,
    "min95": 30083,
    "sum95": 6512877,
    "stddev": 38506.30812074822
  },
  "power_off": {
    "samples": 100,
    "average": 30806.25,
    "max": 82166,
    "min": 22625,
    "sum": 3080625,
    "average95": 28026.26,
    "max95": 44209,
    "min95": 22625,
    "sum95": 2802626,
    "stddev": 9156.625446636986
  }
}