{
  "power_on": {
    "samples": 100,
    "average": 692957.54,
    "max": 2730375,
    "min": 570416,
    "sum": 69295754,
    "average95": 606709.19,
    "max95": 1234167,
    "min95": 570416,
    "sum95": 60670919,
    "stddev": 274615.6482584523
  },
  "power_off": {
    "samples": 100,
    "average": 2378446.57,
    "max": 5965166,
    "min": 2026125,
    "sum": 237844657,
    "average95": 2064663.67,
    "max95": 3396250,
    "min95": 2026125,
    "sum95": 206466367,
    "stddev": 769417.597074677
  }
}