{
  "power_on": {
    "samples": 100,
    "average": 6127871.71,
    "max": 11494833,
    "min": 5407958,
    "sum": 612787171,
    "average95": 5537266.29,
    "max95": 8446792,
    "min95": 5407958,
    "sum95": 553726629,
    "stddev": 1170534.1284249895
  },
  "power_off": {
    "samples": 100,
    "average": 2.476836999E7,
    "max": 31417041,
    "min": 21488333,
    "sum": 2476836999,
    "average95": 2.384644041E7,
    "max95": 29493042,
    "min95": 21488333,
    "sum95": 2384644041,
    "stddev": 2497494.5820094286
  }
}